{
  "camera_data": {},
  "objects": [
    {
      "class": "soup",
      "location": [
        -11.781930847641213,
        1.2926767389260252,
        69.86953403905079
      ],
      "quaternion_xyzw": [
        -0.37142588787272435,
        -0.47553858075278566,
        0.7303942794444306,
        0.32004697247191055
      ],
      "projected_cuboid": [
        [
          92.4928086029491,
          231.76325741654978
        ],
        [
          117.96780187555417,
          194.47447942066566
        ],
        [
          97.62195937768934,
          166.9245076466463
        ],
        [
          67.93567760915786,
          208.9612410717976
        ],
        [
          129.4968293001831,
          253.89459246805842
        ],
        [
          154.80074823740753,
          215.20591270454184
        ],
        [
          139.25991283319883,
          189.90464308969553
        ],
        [
          109.77021368975038,
          233.746005882288
        ],
        [
          114.24882925634095,
          212.29066246318587
        ]
      ]
    }
  ]
}